date,year,month,day,day_name,weekday_num,week_of_year
2023-01-01,2023,1,1,Sunday,7,52
2023-01-02,2023,1,2,Monday,1,1
2023-01-03,2023,1,3,Tuesday,2,1
2023-01-04,2023,1,4,Wednesday,3,1
2023-01-05,2023,1,5,Thursday,4,1
2023-01-06,2023,1,6,Friday,5,1
2023-01-07,2023,1,7,Saturday,6,1
2023-01-08,2023,1,8,Sunday,7,1
2023-01-09,2023,1,9,Monday,1,2
2023-01-10,2023,1,10,Tuesday,2,2
2023-01-11,2023,1,11,Wednesday,3,2
2023-01-12,2023,1,12,Thursday,4,2
2023-01-13,2023,1,13,Friday,5,2
2023-01-14,2023,1,14,Saturday,6,2
2023-01-15,2023,1,15,Sunday,7,2
2023-01-16,2023,1,16,Monday,1,3
2023-01-17,2023,1,17,Tuesday,2,3
2023-01-18,2023,1,18,Wednesday,3,3
2023-01-19,2023,1,19,Thursday,4,3
2023-01-20,2023,1,20,Friday,5,3
2023-01-21,2023,1,21,Saturday,6,3
2023-01-22,2023,1,22,Sunday,7,3
2023-01-23,2023,1,23,Monday,1,4
2023-01-24,2023,1,24,Tuesday,2,4
2023-01-25,2023,1,25,Wednesday,3,4
2023-01-26,2023,1,26,Thursday,4,4
2023-01-27,2023,1,27,Friday,5,4
2023-01-28,2023,1,28,Saturday,6,4
2023-01-29,2023,1,29,Sunday,7,4
2023-01-30,2023,1,30,Monday,1,5
2023-01-31,2023,1,31,Tuesday,2,5
2023-02-01,2023,2,1,Wednesday,3,5
2023-02-02,2023,2,2,Thursday,4,5
2023-02-03,2023,2,3,Friday,5,5
2023-02-04,2023,2,4,Saturday,6,5
2023-02-05,2023,2,5,Sunday,7,5
2023-02-06,2023,2,6,Monday,1,6
2023-02-07,2023,2,7,Tuesday,2,6
2023-02-08,2023,2,8,Wednesday,3,6
2023-02-09,2023,2,9,Thursday,4,6
2023-02-10,2023,2,10,Friday,5,6
2023-02-11,2023,2,11,Saturday,6,6
2023-02-12,2023,2,12,Sunday,7,6
2023-02-13,2023,2,13,Monday,1,7
2023-02-14,2023,2,14,Tuesday,2,7
2023-02-15,2023,2,15,Wednesday,3,7
2023-02-16,2023,2,16,Thursday,4,7
2023-02-17,2023,2,17,Friday,5,7
2023-02-18,2023,2,18,Saturday,6,7
2023-02-19,2023,2,19,Sunday,7,7
2023-02-20,2023,2,20,Monday,1,8
2023-02-21,2023,2,21,Tuesday,2,8
2023-02-22,2023,2,22,Wednesday,3,8
2023-02-23,2023,2,23,Thursday,4,8
2023-02-24,2023,2,24,Friday,5,8
2023-02-25,2023,2,25,Saturday,6,8
2023-02-26,2023,2,26,Sunday,7,8
2023-02-27,2023,2,27,Monday,1,9
2023-02-28,2023,2,28,Tuesday,2,9
2023-03-01,2023,3,1,Wednesday,3,9
2023-03-02,2023,3,2,Thursday,4,9
2023-03-03,2023,3,3,Friday,5,9
2023-03-04,2023,3,4,Saturday,6,9
2023-03-05,2023,3,5,Sunday,7,9
2023-03-06,2023,3,6,Monday,1,10
2023-03-07,2023,3,7,Tuesday,2,10
2023-03-08,2023,3,8,Wednesday,3,10
2023-03-09,2023,3,9,Thursday,4,10
2023-03-10,2023,3,10,Friday,5,10
2023-03-11,2023,3,11,Saturday,6,10
2023-03-12,2023,3,12,Sunday,7,10
2023-03-13,2023,3,13,Monday,1,11
2023-03-14,2023,3,14,Tuesday,2,11
2023-03-15,2023,3,15,Wednesday,3,11
2023-03-16,2023,3,16,Thursday,4,11
2023-03-17,2023,3,17,Friday,5,11
2023-03-18,2023,3,18,Saturday,6,11
2023-03-19,2023,3,19,Sunday,7,11
2023-03-20,2023,3,20,Monday,1,12
2023-03-21,2023,3,21,Tuesday,2,12
2023-03-22,2023,3,22,Wednesday,3,12
2023-03-23,2023,3,23,Thursday,4,12
2023-03-24,2023,3,24,Friday,5,12
2023-03-25,2023,3,25,Saturday,6,12
2023-03-26,2023,3,26,Sunday,7,12
2023-03-27,2023,3,27,Monday,1,13
2023-03-28,2023,3,28,Tuesday,2,13
2023-03-29,2023,3,29,Wednesday,3,13
2023-03-30,2023,3,30,Thursday,4,13
2023-03-31,2023,3,31,Friday,5,13
2023-04-01,2023,4,1,Saturday,6,13
2023-04-02,2023,4,2,Sunday,7,13
2023-04-03,2023,4,3,Monday,1,14
2023-04-04,2023,4,4,Tuesday,2,14
2023-04-05,2023,4,5,Wednesday,3,14
2023-04-06,2023,4,6,Thursday,4,14
2023-04-07,2023,4,7,Friday,5,14
2023-04-08,2023,4,8,Saturday,6,14
2023-04-09,2023,4,9,Sunday,7,14
2023-04-10,2023,4,10,Monday,1,15
2023-04-11,2023,4,11,Tuesday,2,15
2023-04-12,2023,4,12,Wednesday,3,15
2023-04-13,2023,4,13,Thursday,4,15
2023-04-14,2023,4,14,Friday,5,15
2023-04-15,2023,4,15,Saturday,6,15
2023-04-16,2023,4,16,Sunday,7,15
2023-04-17,2023,4,17,Monday,1,16
2023-04-18,2023,4,18,Tuesday,2,16
2023-04-19,2023,4,19,Wednesday,3,16
2023-04-20,2023,4,20,Thursday,4,16
2023-04-21,2023,4,21,Friday,5,16
2023-04-22,2023,4,22,Saturday,6,16
2023-04-23,2023,4,23,Sunday,7,16
2023-04-24,2023,4,24,Monday,1,17
2023-04-25,2023,4,25,Tuesday,2,17
2023-04-26,2023,4,26,Wednesday,3,17
2023-04-27,2023,4,27,Thursday,4,17
2023-04-28,2023,4,28,Friday,5,17
2023-04-29,2023,4,29,Saturday,6,17
2023-04-30,2023,4,30,Sunday,7,17
2023-05-01,2023,5,1,Monday,1,18
2023-05-02,2023,5,2,Tuesday,2,18
2023-05-03,2023,5,3,Wednesday,3,18
2023-05-04,2023,5,4,Thursday,4,18
2023-05-05,2023,5,5,Friday,5,18
2023-05-06,2023,5,6,Saturday,6,18
2023-05-07,2023,5,7,Sunday,7,18
2023-05-08,2023,5,8,Monday,1,19
2023-05-09,2023,5,9,Tuesday,2,19
2023-05-10,2023,5,10,Wednesday,3,19
2023-05-11,2023,5,11,Thursday,4,19
2023-05-12,2023,5,12,Friday,5,19
2023-05-13,2023,5,13,Saturday,6,19
2023-05-14,2023,5,14,Sunday,7,19
2023-05-15,2023,5,15,Monday,1,20
2023-05-16,2023,5,16,Tuesday,2,20
2023-05-17,2023,5,17,Wednesday,3,20
2023-05-18,2023,5,18,Thursday,4,20
2023-05-19,2023,5,19,Friday,5,20
2023-05-20,2023,5,20,Saturday,6,20
2023-05-21,2023,5,21,Sunday,7,20
2023-05-22,2023,5,22,Monday,1,21
2023-05-23,2023,5,23,Tuesday,2,21
2023-05-24,2023,5,24,Wednesday,3,21
2023-05-25,2023,5,25,Thursday,4,21
2023-05-26,2023,5,26,Friday,5,21
2023-05-27,2023,5,27,Saturday,6,21
2023-05-28,2023,5,28,Sunday,7,21
2023-05-29,2023,5,29,Monday,1,22
2023-05-30,2023,5,30,Tuesday,2,22
2023-05-31,2023,5,31,Wednesday,3,22
2023-06-01,2023,6,1,Thursday,4,22
2023-06-02,2023,6,2,Friday,5,22
2023-06-03,2023,6,3,Saturday,6,22
2023-06-04,2023,6,4,Sunday,7,22
2023-06-05,2023,6,5,Monday,1,23
2023-06-06,2023,6,6,Tuesday,2,23
2023-06-07,2023,6,7,Wednesday,3,23
2023-06-08,2023,6,8,Thursday,4,23
2023-06-09,2023,6,9,Friday,5,23
2023-06-10,2023,6,10,Saturday,6,23
2023-06-11,2023,6,11,Sunday,7,23
2023-06-12,2023,6,12,Monday,1,24
2023-06-13,2023,6,13,Tuesday,2,24
2023-06-14,2023,6,14,Wednesday,3,24
2023-06-15,2023,6,15,Thursday,4,24
2023-06-16,2023,6,16,Friday,5,24
2023-06-17,2023,6,17,Saturday,6,24
2023-06-18,2023,6,18,Sunday,7,24
2023-06-19,2023,6,19,Monday,1,25
2023-06-20,2023,6,20,Tuesday,2,25
2023-06-21,2023,6,21,Wednesday,3,25
2023-06-22,2023,6,22,Thursday,4,25
2023-06-23,2023,6,23,Friday,5,25
2023-06-24,2023,6,24,Saturday,6,25
2023-06-25,2023,6,25,Sunday,7,25
2023-06-26,2023,6,26,Monday,1,26
2023-06-27,2023,6,27,Tuesday,2,26
2023-06-28,2023,6,28,Wednesday,3,26
2023-06-29,2023,6,29,Thursday,4,26
2023-06-30,2023,6,30,Friday,5,26
2023-07-01,2023,7,1,Saturday,6,26
2023-07-02,2023,7,2,Sunday,7,26
2023-07-03,2023,7,3,Monday,1,27
2023-07-04,2023,7,4,Tuesday,2,27
2023-07-05,2023,7,5,Wednesday,3,27
2023-07-06,2023,7,6,Thursday,4,27
2023-07-07,2023,7,7,Friday,5,27
2023-07-08,2023,7,8,Saturday,6,27
2023-07-09,2023,7,9,Sunday,7,27
2023-07-10,2023,7,10,Monday,1,28
2023-07-11,2023,7,11,Tuesday,2,28
2023-07-12,2023,7,12,Wednesday,3,28
2023-07-13,2023,7,13,Thursday,4,28
2023-07-14,2023,7,14,Friday,5,28
2023-07-15,2023,7,15,Saturday,6,28
2023-07-16,2023,7,16,Sunday,7,28
2023-07-17,2023,7,17,Monday,1,29
2023-07-18,2023,7,18,Tuesday,2,29
2023-07-19,2023,7,19,Wednesday,3,29
2023-07-20,2023,7,20,Thursday,4,29
2023-07-21,2023,7,21,Friday,5,29
2023-07-22,2023,7,22,Saturday,6,29
2023-07-23,2023,7,23,Sunday,7,29
2023-07-24,2023,7,24,Monday,1,30
2023-07-25,2023,7,25,Tuesday,2,30
2023-07-26,2023,7,26,Wednesday,3,30
2023-07-27,2023,7,27,Thursday,4,30
2023-07-28,2023,7,28,Friday,5,30
2023-07-29,2023,7,29,Saturday,6,30
2023-07-30,2023,7,30,Sunday,7,30
2023-07-31,2023,7,31,Monday,1,31
2023-08-01,2023,8,1,Tuesday,2,31
2023-08-02,2023,8,2,Wednesday,3,31
2023-08-03,2023,8,3,Thursday,4,31
2023-08-04,2023,8,4,Friday,5,31
2023-08-05,2023,8,5,Saturday,6,31
2023-08-06,2023,8,6,Sunday,7,31
2023-08-07,2023,8,7,Monday,1,32
2023-08-08,2023,8,8,Tuesday,2,32
2023-08-09,2023,8,9,Wednesday,3,32
2023-08-10,2023,8,10,Thursday,4,32
2023-08-11,2023,8,11,Friday,5,32
2023-08-12,2023,8,12,Saturday,6,32
2023-08-13,2023,8,13,Sunday,7,32
2023-08-14,2023,8,14,Monday,1,33
2023-08-15,2023,8,15,Tuesday,2,33
2023-08-16,2023,8,16,Wednesday,3,33
2023-08-17,2023,8,17,Thursday,4,33
2023-08-18,2023,8,18,Friday,5,33
2023-08-19,2023,8,19,Saturday,6,33
2023-08-20,2023,8,20,Sunday,7,33
2023-08-21,2023,8,21,Monday,1,34
2023-08-22,2023,8,22,Tuesday,2,34
2023-08-23,2023,8,23,Wednesday,3,34
2023-08-24,2023,8,24,Thursday,4,34
2023-08-25,2023,8,25,Friday,5,34
2023-08-26,2023,8,26,Saturday,6,34
2023-08-27,2023,8,27,Sunday,7,34
2023-08-28,2023,8,28,Monday,1,35
2023-08-29,2023,8,29,Tuesday,2,35
2023-08-30,2023,8,30,Wednesday,3,35
2023-08-31,2023,8,31,Thursday,4,35
2023-09-01,2023,9,1,Friday,5,35
2023-09-02,2023,9,2,Saturday,6,35
2023-09-03,2023,9,3,Sunday,7,35
2023-09-04,2023,9,4,Monday,1,36
2023-09-05,2023,9,5,Tuesday,2,36
2023-09-06,2023,9,6,Wednesday,3,36
2023-09-07,2023,9,7,Thursday,4,36
2023-09-08,2023,9,8,Friday,5,36
2023-09-09,2023,9,9,Saturday,6,36
2023-09-10,2023,9,10,Sunday,7,36
2023-09-11,2023,9,11,Monday,1,37
2023-09-12,2023,9,12,Tuesday,2,37
2023-09-13,2023,9,13,Wednesday,3,37
2023-09-14,2023,9,14,Thursday,4,37
2023-09-15,2023,9,15,Friday,5,37
2023-09-16,2023,9,16,Saturday,6,37
2023-09-17,2023,9,17,Sunday,7,37
2023-09-18,2023,9,18,Monday,1,38
2023-09-19,2023,9,19,Tuesday,2,38
2023-09-20,2023,9,20,Wednesday,3,38
2023-09-21,2023,9,21,Thursday,4,38
2023-09-22,2023,9,22,Friday,5,38
2023-09-23,2023,9,23,Saturday,6,38
2023-09-24,2023,9,24,Sunday,7,38
2023-09-25,2023,9,25,Monday,1,39
2023-09-26,2023,9,26,Tuesday,2,39
2023-09-27,2023,9,27,Wednesday,3,39
2023-09-28,2023,9,28,Thursday,4,39
2023-09-29,2023,9,29,Friday,5,39
2023-09-30,2023,9,30,Saturday,6,39
2023-10-01,2023,10,1,Sunday,7,39
2023-10-02,2023,10,2,Monday,1,40
2023-10-03,2023,10,3,Tuesday,2,40
2023-10-04,2023,10,4,Wednesday,3,40
2023-10-05,2023,10,5,Thursday,4,40
2023-10-06,2023,10,6,Friday,5,40
2023-10-07,2023,10,7,Saturday,6,40
2023-10-08,2023,10,8,Sunday,7,40
2023-10-09,2023,10,9,Monday,1,41
2023-10-10,2023,10,10,Tuesday,2,41
2023-10-11,2023,10,11,Wednesday,3,41
2023-10-12,2023,10,12,Thursday,4,41
2023-10-13,2023,10,13,Friday,5,41
2023-10-14,2023,10,14,Saturday,6,41
2023-10-15,2023,10,15,Sunday,7,41
2023-10-16,2023,10,16,Monday,1,42
2023-10-17,2023,10,17,Tuesday,2,42
2023-10-18,2023,10,18,Wednesday,3,42
2023-10-19,2023,10,19,Thursday,4,42
2023-10-20,2023,10,20,Friday,5,42
2023-10-21,2023,10,21,Saturday,6,42
2023-10-22,2023,10,22,Sunday,7,42
2023-10-23,2023,10,23,Monday,1,43
2023-10-24,2023,10,24,Tuesday,2,43
2023-10-25,2023,10,25,Wednesday,3,43
2023-10-26,2023,10,26,Thursday,4,43
2023-10-27,2023,10,27,Friday,5,43
2023-10-28,2023,10,28,Saturday,6,43
2023-10-29,2023,10,29,Sunday,7,43
2023-10-30,2023,10,30,Monday,1,44
2023-10-31,2023,10,31,Tuesday,2,44
2023-11-01,2023,11,1,Wednesday,3,44
2023-11-02,2023,11,2,Thursday,4,44
2023-11-03,2023,11,3,Friday,5,44
2023-11-04,2023,11,4,Saturday,6,44
2023-11-05,2023,11,5,Sunday,7,44
2023-11-06,2023,11,6,Monday,1,45
2023-11-07,2023,11,7,Tuesday,2,45
2023-11-08,2023,11,8,Wednesday,3,45
2023-11-09,2023,11,9,Thursday,4,45
2023-11-10,2023,11,10,Friday,5,45
2023-11-11,2023,11,11,Saturday,6,45
2023-11-12,2023,11,12,Sunday,7,45
2023-11-13,2023,11,13,Monday,1,46
2023-11-14,2023,11,14,Tuesday,2,46
2023-11-15,2023,11,15,Wednesday,3,46
2023-11-16,2023,11,16,Thursday,4,46
2023-11-17,2023,11,17,Friday,5,46
2023-11-18,2023,11,18,Saturday,6,46
2023-11-19,2023,11,19,Sunday,7,46
2023-11-20,2023,11,20,Monday,1,47
2023-11-21,2023,11,21,Tuesday,2,47
2023-11-22,2023,11,22,Wednesday,3,47
2023-11-23,2023,11,23,Thursday,4,47
2023-11-24,2023,11,24,Friday,5,47
2023-11-25,2023,11,25,Saturday,6,47
2023-11-26,2023,11,26,Sunday,7,47
2023-11-27,2023,11,27,Monday,1,48
2023-11-28,2023,11,28,Tuesday,2,48
2023-11-29,2023,11,29,Wednesday,3,48
2023-11-30,2023,11,30,Thursday,4,48
2023-12-01,2023,12,1,Friday,5,48
2023-12-02,2023,12,2,Saturday,6,48
2023-12-03,2023,12,3,Sunday,7,48
2023-12-04,2023,12,4,Monday,1,49
2023-12-05,2023,12,5,Tuesday,2,49
2023-12-06,2023,12,6,Wednesday,3,49
2023-12-07,2023,12,7,Thursday,4,49
2023-12-08,2023,12,8,Friday,5,49
2023-12-09,2023,12,9,Saturday,6,49
2023-12-10,2023,12,10,Sunday,7,49
2023-12-11,2023,12,11,Monday,1,50
2023-12-12,2023,12,12,Tuesday,2,50
2023-12-13,2023,12,13,Wednesday,3,50
2023-12-14,2023,12,14,Thursday,4,50
2023-12-15,2023,12,15,Friday,5,50
2023-12-16,2023,12,16,Saturday,6,50
2023-12-17,2023,12,17,Sunday,7,50
2023-12-18,2023,12,18,Monday,1,51
2023-12-19,2023,12,19,Tuesday,2,51
2023-12-20,2023,12,20,Wednesday,3,51
2023-12-21,2023,12,21,Thursday,4,51
2023-12-22,2023,12,22,Friday,5,51
2023-12-23,2023,12,23,Saturday,6,51
2023-12-24,2023,12,24,Sunday,7,51
2023-12-25,2023,12,25,Monday,1,52
2023-12-26,2023,12,26,Tuesday,2,52
2023-12-27,2023,12,27,Wednesday,3,52
2023-12-28,2023,12,28,Thursday,4,52
2023-12-29,2023,12,29,Friday,5,52
2023-12-30,2023,12,30,Saturday,6,52
2023-12-31,2023,12,31,Sunday,7,52
2024-01-01,2024,1,1,Monday,1,1
2024-01-02,2024,1,2,Tuesday,2,1
2024-01-03,2024,1,3,Wednesday,3,1
2024-01-04,2024,1,4,Thursday,4,1
2024-01-05,2024,1,5,Friday,5,1
2024-01-06,2024,1,6,Saturday,6,1
2024-01-07,2024,1,7,Sunday,7,1
2024-01-08,2024,1,8,Monday,1,2
2024-01-09,2024,1,9,Tuesday,2,2
2024-01-10,2024,1,10,Wednesday,3,2
2024-01-11,2024,1,11,Thursday,4,2
2024-01-12,2024,1,12,Friday,5,2
2024-01-13,2024,1,13,Saturday,6,2
2024-01-14,2024,1,14,Sunday,7,2
2024-01-15,2024,1,15,Monday,1,3
2024-01-16,2024,1,16,Tuesday,2,3
2024-01-17,2024,1,17,Wednesday,3,3
2024-01-18,2024,1,18,Thursday,4,3
2024-01-19,2024,1,19,Friday,5,3
2024-01-20,2024,1,20,Saturday,6,3
2024-01-21,2024,1,21,Sunday,7,3
2024-01-22,2024,1,22,Monday,1,4
2024-01-23,2024,1,23,Tuesday,2,4
2024-01-24,2024,1,24,Wednesday,3,4
2024-01-25,2024,1,25,Thursday,4,4
2024-01-26,2024,1,26,Friday,5,4
2024-01-27,2024,1,27,Saturday,6,4
2024-01-28,2024,1,28,Sunday,7,4
2024-01-29,2024,1,29,Monday,1,5
2024-01-30,2024,1,30,Tuesday,2,5
2024-01-31,2024,1,31,Wednesday,3,5
2024-02-01,2024,2,1,Thursday,4,5
2024-02-02,2024,2,2,Friday,5,5
2024-02-03,2024,2,3,Saturday,6,5
2024-02-04,2024,2,4,Sunday,7,5
2024-02-05,2024,2,5,Monday,1,6
2024-02-06,2024,2,6,Tuesday,2,6
2024-02-07,2024,2,7,Wednesday,3,6
2024-02-08,2024,2,8,Thursday,4,6
2024-02-09,2024,2,9,Friday,5,6
2024-02-10,2024,2,10,Saturday,6,6
2024-02-11,2024,2,11,Sunday,7,6
2024-02-12,2024,2,12,Monday,1,7
2024-02-13,2024,2,13,Tuesday,2,7
2024-02-14,2024,2,14,Wednesday,3,7
2024-02-15,2024,2,15,Thursday,4,7
2024-02-16,2024,2,16,Friday,5,7
2024-02-17,2024,2,17,Saturday,6,7
2024-02-18,2024,2,18,Sunday,7,7
2024-02-19,2024,2,19,Monday,1,8
2024-02-20,2024,2,20,Tuesday,2,8
2024-02-21,2024,2,21,Wednesday,3,8
2024-02-22,2024,2,22,Thursday,4,8
2024-02-23,2024,2,23,Friday,5,8
2024-02-24,2024,2,24,Saturday,6,8
2024-02-25,2024,2,25,Sunday,7,8
2024-02-26,2024,2,26,Monday,1,9
2024-02-27,2024,2,27,Tuesday,2,9
2024-02-28,2024,2,28,Wednesday,3,9
2024-02-29,2024,2,29,Thursday,4,9
2024-03-01,2024,3,1,Friday,5,9
2024-03-02,2024,3,2,Saturday,6,9
2024-03-03,2024,3,3,Sunday,7,9
2024-03-04,2024,3,4,Monday,1,10
2024-03-05,2024,3,5,Tuesday,2,10
2024-03-06,2024,3,6,Wednesday,3,10
2024-03-07,2024,3,7,Thursday,4,10
2024-03-08,2024,3,8,Friday,5,10
2024-03-09,2024,3,9,Saturday,6,10
2024-03-10,2024,3,10,Sunday,7,10
2024-03-11,2024,3,11,Monday,1,11
2024-03-12,2024,3,12,Tuesday,2,11
2024-03-13,2024,3,13,Wednesday,3,11
2024-03-14,2024,3,14,Thursday,4,11
2024-03-15,2024,3,15,Friday,5,11
2024-03-16,2024,3,16,Saturday,6,11
2024-03-17,2024,3,17,Sunday,7,11
2024-03-18,2024,3,18,Monday,1,12
2024-03-19,2024,3,19,Tuesday,2,12
2024-03-20,2024,3,20,Wednesday,3,12
2024-03-21,2024,3,21,Thursday,4,12
2024-03-22,2024,3,22,Friday,5,12
2024-03-23,2024,3,23,Saturday,6,12
2024-03-24,2024,3,24,Sunday,7,12
2024-03-25,2024,3,25,Monday,1,13
2024-03-26,2024,3,26,Tuesday,2,13
2024-03-27,2024,3,27,Wednesday,3,13
2024-03-28,2024,3,28,Thursday,4,13
2024-03-29,2024,3,29,Friday,5,13
2024-03-30,2024,3,30,Saturday,6,13
2024-03-31,2024,3,31,Sunday,7,13
2024-04-01,2024,4,1,Monday,1,14
2024-04-02,2024,4,2,Tuesday,2,14
2024-04-03,2024,4,3,Wednesday,3,14
2024-04-04,2024,4,4,Thursday,4,14
2024-04-05,2024,4,5,Friday,5,14
2024-04-06,2024,4,6,Saturday,6,14
2024-04-07,2024,4,7,Sunday,7,14
2024-04-08,2024,4,8,Monday,1,15
2024-04-09,2024,4,9,Tuesday,2,15
2024-04-10,2024,4,10,Wednesday,3,15
2024-04-11,2024,4,11,Thursday,4,15
2024-04-12,2024,4,12,Friday,5,15
2024-04-13,2024,4,13,Saturday,6,15
2024-04-14,2024,4,14,Sunday,7,15
2024-04-15,2024,4,15,Monday,1,16
2024-04-16,2024,4,16,Tuesday,2,16
2024-04-17,2024,4,17,Wednesday,3,16
2024-04-18,2024,4,18,Thursday,4,16
2024-04-19,2024,4,19,Friday,5,16
2024-04-20,2024,4,20,Saturday,6,16
2024-04-21,2024,4,21,Sunday,7,16
2024-04-22,2024,4,22,Monday,1,17
2024-04-23,2024,4,23,Tuesday,2,17
2024-04-24,2024,4,24,Wednesday,3,17
2024-04-25,2024,4,25,Thursday,4,17
2024-04-26,2024,4,26,Friday,5,17
2024-04-27,2024,4,27,Saturday,6,17
2024-04-28,2024,4,28,Sunday,7,17
2024-04-29,2024,4,29,Monday,1,18
2024-04-30,2024,4,30,Tuesday,2,18
2024-05-01,2024,5,1,Wednesday,3,18
2024-05-02,2024,5,2,Thursday,4,18
2024-05-03,2024,5,3,Friday,5,18
2024-05-04,2024,5,4,Saturday,6,18
2024-05-05,2024,5,5,Sunday,7,18
2024-05-06,2024,5,6,Monday,1,19
2024-05-07,2024,5,7,Tuesday,2,19
2024-05-08,2024,5,8,Wednesday,3,19
2024-05-09,2024,5,9,Thursday,4,19
2024-05-10,2024,5,10,Friday,5,19
2024-05-11,2024,5,11,Saturday,6,19
2024-05-12,2024,5,12,Sunday,7,19
2024-05-13,2024,5,13,Monday,1,20
2024-05-14,2024,5,14,Tuesday,2,20
2024-05-15,2024,5,15,Wednesday,3,20
2024-05-16,2024,5,16,Thursday,4,20
2024-05-17,2024,5,17,Friday,5,20
2024-05-18,2024,5,18,Saturday,6,20
2024-05-19,2024,5,19,Sunday,7,20
2024-05-20,2024,5,20,Monday,1,21
2024-05-21,2024,5,21,Tuesday,2,21
2024-05-22,2024,5,22,Wednesday,3,21
2024-05-23,2024,5,23,Thursday,4,21
2024-05-24,2024,5,24,Friday,5,21
2024-05-25,2024,5,25,Saturday,6,21
2024-05-26,2024,5,26,Sunday,7,21
2024-05-27,2024,5,27,Monday,1,22
2024-05-28,2024,5,28,Tuesday,2,22
2024-05-29,2024,5,29,Wednesday,3,22
2024-05-30,2024,5,30,Thursday,4,22
2024-05-31,2024,5,31,Friday,5,22
2024-06-01,2024,6,1,Saturday,6,22
2024-06-02,2024,6,2,Sunday,7,22
2024-06-03,2024,6,3,Monday,1,23
2024-06-04,2024,6,4,Tuesday,2,23
2024-06-05,2024,6,5,Wednesday,3,23
2024-06-06,2024,6,6,Thursday,4,23
2024-06-07,2024,6,7,Friday,5,23
2024-06-08,2024,6,8,Saturday,6,23
2024-06-09,2024,6,9,Sunday,7,23
2024-06-10,2024,6,10,Monday,1,24
2024-06-11,2024,6,11,Tuesday,2,24
2024-06-12,2024,6,12,Wednesday,3,24
2024-06-13,2024,6,13,Thursday,4,24
2024-06-14,2024,6,14,Friday,5,24
2024-06-15,2024,6,15,Saturday,6,24
2024-06-16,2024,6,16,Sunday,7,24
2024-06-17,2024,6,17,Monday,1,25
2024-06-18,2024,6,18,Tuesday,2,25
2024-06-19,2024,6,19,Wednesday,3,25
2024-06-20,2024,6,20,Thursday,4,25
2024-06-21,2024,6,21,Friday,5,25
2024-06-22,2024,6,22,Saturday,6,25
2024-06-23,2024,6,23,Sunday,7,25
2024-06-24,2024,6,24,Monday,1,26
2024-06-25,2024,6,25,Tuesday,2,26
2024-06-26,2024,6,26,Wednesday,3,26
2024-06-27,2024,6,27,Thursday,4,26
2024-06-28,2024,6,28,Friday,5,26
2024-06-29,2024,6,29,Saturday,6,26
2024-06-30,2024,6,30,Sunday,7,26
2024-07-01,2024,7,1,Monday,1,27
2024-07-02,2024,7,2,Tuesday,2,27
2024-07-03,2024,7,3,Wednesday,3,27
2024-07-04,2024,7,4,Thursday,4,27
2024-07-05,2024,7,5,Friday,5,27
2024-07-06,2024,7,6,Saturday,6,27
2024-07-07,2024,7,7,Sunday,7,27
2024-07-08,2024,7,8,Monday,1,28
2024-07-09,2024,7,9,Tuesday,2,28
2024-07-10,2024,7,10,Wednesday,3,28
2024-07-11,2024,7,11,Thursday,4,28
2024-07-12,2024,7,12,Friday,5,28
2024-07-13,2024,7,13,Saturday,6,28
2024-07-14,2024,7,14,Sunday,7,28
2024-07-15,2024,7,15,Monday,1,29
2024-07-16,2024,7,16,Tuesday,2,29
2024-07-17,2024,7,17,Wednesday,3,29
2024-07-18,2024,7,18,Thursday,4,29
2024-07-19,2024,7,19,Friday,5,29
2024-07-20,2024,7,20,Saturday,6,29
2024-07-21,2024,7,21,Sunday,7,29
2024-07-22,2024,7,22,Monday,1,30
2024-07-23,2024,7,23,Tuesday,2,30
2024-07-24,2024,7,24,Wednesday,3,30
2024-07-25,2024,7,25,Thursday,4,30
2024-07-26,2024,7,26,Friday,5,30
2024-07-27,2024,7,27,Saturday,6,30
2024-07-28,2024,7,28,Sunday,7,30
2024-07-29,2024,7,29,Monday,1,31
2024-07-30,2024,7,30,Tuesday,2,31
2024-07-31,2024,7,31,Wednesday,3,31
2024-08-01,2024,8,1,Thursday,4,31
2024-08-02,2024,8,2,Friday,5,31
2024-08-03,2024,8,3,Saturday,6,31
2024-08-04,2024,8,4,Sunday,7,31
2024-08-05,2024,8,5,Monday,1,32
2024-08-06,2024,8,6,Tuesday,2,32
2024-08-07,2024,8,7,Wednesday,3,32
2024-08-08,2024,8,8,Thursday,4,32
2024-08-09,2024,8,9,Friday,5,32
2024-08-10,2024,8,10,Saturday,6,32
2024-08-11,2024,8,11,Sunday,7,32
2024-08-12,2024,8,12,Monday,1,33
2024-08-13,2024,8,13,Tuesday,2,33
2024-08-14,2024,8,14,Wednesday,3,33
2024-08-15,2024,8,15,Thursday,4,33
2024-08-16,2024,8,16,Friday,5,33
2024-08-17,2024,8,17,Saturday,6,33
2024-08-18,2024,8,18,Sunday,7,33
2024-08-19,2024,8,19,Monday,1,34
2024-08-20,2024,8,20,Tuesday,2,34
2024-08-21,2024,8,21,Wednesday,3,34
2024-08-22,2024,8,22,Thursday,4,34
2024-08-23,2024,8,23,Friday,5,34
2024-08-24,2024,8,24,Saturday,6,34
2024-08-25,2024,8,25,Sunday,7,34
2024-08-26,2024,8,26,Monday,1,35
2024-08-27,2024,8,27,Tuesday,2,35
2024-08-28,2024,8,28,Wednesday,3,35
2024-08-29,2024,8,29,Thursday,4,35
2024-08-30,2024,8,30,Friday,5,35
2024-08-31,2024,8,31,Saturday,6,35
2024-09-01,2024,9,1,Sunday,7,35
2024-09-02,2024,9,2,Monday,1,36
2024-09-03,2024,9,3,Tuesday,2,36
2024-09-04,2024,9,4,Wednesday,3,36
2024-09-05,2024,9,5,Thursday,4,36
2024-09-06,2024,9,6,Friday,5,36
2024-09-07,2024,9,7,Saturday,6,36
2024-09-08,2024,9,8,Sunday,7,36
2024-09-09,2024,9,9,Monday,1,37
2024-09-10,2024,9,10,Tuesday,2,37
2024-09-11,2024,9,11,Wednesday,3,37
2024-09-12,2024,9,12,Thursday,4,37
2024-09-13,2024,9,13,Friday,5,37
2024-09-14,2024,9,14,Saturday,6,37
2024-09-15,2024,9,15,Sunday,7,37
2024-09-16,2024,9,16,Monday,1,38
2024-09-17,2024,9,17,Tuesday,2,38
2024-09-18,2024,9,18,Wednesday,3,38
2024-09-19,2024,9,19,Thursday,4,38
2024-09-20,2024,9,20,Friday,5,38
2024-09-21,2024,9,21,Saturday,6,38
2024-09-22,2024,9,22,Sunday,7,38
2024-09-23,2024,9,23,Monday,1,39
2024-09-24,2024,9,24,Tuesday,2,39
2024-09-25,2024,9,25,Wednesday,3,39
2024-09-26,2024,9,26,Thursday,4,39
2024-09-27,2024,9,27,Friday,5,39
2024-09-28,2024,9,28,Saturday,6,39
2024-09-29,2024,9,29,Sunday,7,39
2024-09-30,2024,9,30,Monday,1,40
2024-10-01,2024,10,1,Tuesday,2,40
2024-10-02,2024,10,2,Wednesday,3,40
2024-10-03,2024,10,3,Thursday,4,40
2024-10-04,2024,10,4,Friday,5,40
2024-10-05,2024,10,5,Saturday,6,40
2024-10-06,2024,10,6,Sunday,7,40
2024-10-07,2024,10,7,Monday,1,41
2024-10-08,2024,10,8,Tuesday,2,41
2024-10-09,2024,10,9,Wednesday,3,41
2024-10-10,2024,10,10,Thursday,4,41
2024-10-11,2024,10,11,Friday,5,41
2024-10-12,2024,10,12,Saturday,6,41
2024-10-13,2024,10,13,Sunday,7,41
2024-10-14,2024,10,14,Monday,1,42
2024-10-15,2024,10,15,Tuesday,2,42
2024-10-16,2024,10,16,Wednesday,3,42
2024-10-17,2024,10,17,Thursday,4,42
2024-10-18,2024,10,18,Friday,5,42
2024-10-19,2024,10,19,Saturday,6,42
2024-10-20,2024,10,20,Sunday,7,42
2024-10-21,2024,10,21,Monday,1,43
2024-10-22,2024,10,22,Tuesday,2,43
2024-10-23,2024,10,23,Wednesday,3,43
2024-10-24,2024,10,24,Thursday,4,43
2024-10-25,2024,10,25,Friday,5,43
2024-10-26,2024,10,26,Saturday,6,43
2024-10-27,2024,10,27,Sunday,7,43
2024-10-28,2024,10,28,Monday,1,44
2024-10-29,2024,10,29,Tuesday,2,44
2024-10-30,2024,10,30,Wednesday,3,44
2024-10-31,2024,10,31,Thursday,4,44
2024-11-01,2024,11,1,Friday,5,44
2024-11-02,2024,11,2,Saturday,6,44
2024-11-03,2024,11,3,Sunday,7,44
2024-11-04,2024,11,4,Monday,1,45
2024-11-05,2024,11,5,Tuesday,2,45
2024-11-06,2024,11,6,Wednesday,3,45
2024-11-07,2024,11,7,Thursday,4,45
2024-11-08,2024,11,8,Friday,5,45
2024-11-09,2024,11,9,Saturday,6,45
2024-11-10,2024,11,10,Sunday,7,45
2024-11-11,2024,11,11,Monday,1,46
2024-11-12,2024,11,12,Tuesday,2,46
2024-11-13,2024,11,13,Wednesday,3,46
2024-11-14,2024,11,14,Thursday,4,46
2024-11-15,2024,11,15,Friday,5,46
2024-11-16,2024,11,16,Saturday,6,46
2024-11-17,2024,11,17,Sunday,7,46
2024-11-18,2024,11,18,Monday,1,47
2024-11-19,2024,11,19,Tuesday,2,47
2024-11-20,2024,11,20,Wednesday,3,47
2024-11-21,2024,11,21,Thursday,4,47
2024-11-22,2024,11,22,Friday,5,47
2024-11-23,2024,11,23,Saturday,6,47
2024-11-24,2024,11,24,Sunday,7,47
2024-11-25,2024,11,25,Monday,1,48
2024-11-26,2024,11,26,Tuesday,2,48
2024-11-27,2024,11,27,Wednesday,3,48
2024-11-28,2024,11,28,Thursday,4,48
2024-11-29,2024,11,29,Friday,5,48
2024-11-30,2024,11,30,Saturday,6,48
2024-12-01,2024,12,1,Sunday,7,48
2024-12-02,2024,12,2,Monday,1,49
2024-12-03,2024,12,3,Tuesday,2,49
2024-12-04,2024,12,4,Wednesday,3,49
2024-12-05,2024,12,5,Thursday,4,49
2024-12-06,2024,12,6,Friday,5,49
2024-12-07,2024,12,7,Saturday,6,49
2024-12-08,2024,12,8,Sunday,7,49
2024-12-09,2024,12,9,Monday,1,50
2024-12-10,2024,12,10,Tuesday,2,50
2024-12-11,2024,12,11,Wednesday,3,50
2024-12-12,2024,12,12,Thursday,4,50
2024-12-13,2024,12,13,Friday,5,50
2024-12-14,2024,12,14,Saturday,6,50
2024-12-15,2024,12,15,Sunday,7,50
2024-12-16,2024,12,16,Monday,1,51
2024-12-17,2024,12,17,Tuesday,2,51
2024-12-18,2024,12,18,Wednesday,3,51
2024-12-19,2024,12,19,Thursday,4,51
2024-12-20,2024,12,20,Friday,5,51
2024-12-21,2024,12,21,Saturday,6,51
2024-12-22,2024,12,22,Sunday,7,51
2024-12-23,2024,12,23,Monday,1,52
2024-12-24,2024,12,24,Tuesday,2,52
2024-12-25,2024,12,25,Wednesday,3,52
2024-12-26,2024,12,26,Thursday,4,52
2024-12-27,2024,12,27,Friday,5,52
2024-12-28,2024,12,28,Saturday,6,52
2024-12-29,2024,12,29,Sunday,7,52
2024-12-30,2024,12,30,Monday,1,1
2024-12-31,2024,12,31,Tuesday,2,1
2025-01-01,2025,1,1,Wednesday,3,1
2025-01-02,2025,1,2,Thursday,4,1
2025-01-03,2025,1,3,Friday,5,1
2025-01-04,2025,1,4,Saturday,6,1
2025-01-05,2025,1,5,Sunday,7,1
2025-01-06,2025,1,6,Monday,1,2
2025-01-07,2025,1,7,Tuesday,2,2
2025-01-08,2025,1,8,Wednesday,3,2
2025-01-09,2025,1,9,Thursday,4,2
2025-01-10,2025,1,10,Friday,5,2
2025-01-11,2025,1,11,Saturday,6,2
2025-01-12,2025,1,12,Sunday,7,2
2025-01-13,2025,1,13,Monday,1,3
2025-01-14,2025,1,14,Tuesday,2,3
2025-01-15,2025,1,15,Wednesday,3,3
2025-01-16,2025,1,16,Thursday,4,3
2025-01-17,2025,1,17,Friday,5,3
2025-01-18,2025,1,18,Saturday,6,3
2025-01-19,2025,1,19,Sunday,7,3
2025-01-20,2025,1,20,Monday,1,4
2025-01-21,2025,1,21,Tuesday,2,4
2025-01-22,2025,1,22,Wednesday,3,4
2025-01-23,2025,1,23,Thursday,4,4
2025-01-24,2025,1,24,Friday,5,4
2025-01-25,2025,1,25,Saturday,6,4
2025-01-26,2025,1,26,Sunday,7,4
2025-01-27,2025,1,27,Monday,1,5
2025-01-28,2025,1,28,Tuesday,2,5
2025-01-29,2025,1,29,Wednesday,3,5
2025-01-30,2025,1,30,Thursday,4,5
2025-01-31,2025,1,31,Friday,5,5
2025-02-01,2025,2,1,Saturday,6,5
2025-02-02,2025,2,2,Sunday,7,5
2025-02-03,2025,2,3,Monday,1,6
2025-02-04,2025,2,4,Tuesday,2,6
2025-02-05,2025,2,5,Wednesday,3,6
2025-02-06,2025,2,6,Thursday,4,6
2025-02-07,2025,2,7,Friday,5,6
2025-02-08,2025,2,8,Saturday,6,6
2025-02-09,2025,2,9,Sunday,7,6
2025-02-10,2025,2,10,Monday,1,7
2025-02-11,2025,2,11,Tuesday,2,7
2025-02-12,2025,2,12,Wednesday,3,7
2025-02-13,2025,2,13,Thursday,4,7
2025-02-14,2025,2,14,Friday,5,7
2025-02-15,2025,2,15,Saturday,6,7
2025-02-16,2025,2,16,Sunday,7,7
2025-02-17,2025,2,17,Monday,1,8
2025-02-18,2025,2,18,Tuesday,2,8
2025-02-19,2025,2,19,Wednesday,3,8
2025-02-20,2025,2,20,Thursday,4,8
2025-02-21,2025,2,21,Friday,5,8
2025-02-22,2025,2,22,Saturday,6,8
2025-02-23,2025,2,23,Sunday,7,8
2025-02-24,2025,2,24,Monday,1,9
2025-02-25,2025,2,25,Tuesday,2,9
2025-02-26,2025,2,26,Wednesday,3,9
2025-02-27,2025,2,27,Thursday,4,9
2025-02-28,2025,2,28,Friday,5,9
2025-03-01,2025,3,1,Saturday,6,9
2025-03-02,2025,3,2,Sunday,7,9
2025-03-03,2025,3,3,Monday,1,10
2025-03-04,2025,3,4,Tuesday,2,10
2025-03-05,2025,3,5,Wednesday,3,10
2025-03-06,2025,3,6,Thursday,4,10
2025-03-07,2025,3,7,Friday,5,10
2025-03-08,2025,3,8,Saturday,6,10
2025-03-09,2025,3,9,Sunday,7,10
2025-03-10,2025,3,10,Monday,1,11
2025-03-11,2025,3,11,Tuesday,2,11
2025-03-12,2025,3,12,Wednesday,3,11
2025-03-13,2025,3,13,Thursday,4,11
2025-03-14,2025,3,14,Friday,5,11
2025-03-15,2025,3,15,Saturday,6,11
2025-03-16,2025,3,16,Sunday,7,11
2025-03-17,2025,3,17,Monday,1,12
2025-03-18,2025,3,18,Tuesday,2,12
2025-03-19,2025,3,19,Wednesday,3,12
2025-03-20,2025,3,20,Thursday,4,12
2025-03-21,2025,3,21,Friday,5,12
2025-03-22,2025,3,22,Saturday,6,12
2025-03-23,2025,3,23,Sunday,7,12
2025-03-24,2025,3,24,Monday,1,13
2025-03-25,2025,3,25,Tuesday,2,13
2025-03-26,2025,3,26,Wednesday,3,13
2025-03-27,2025,3,27,Thursday,4,13
2025-03-28,2025,3,28,Friday,5,13
2025-03-29,2025,3,29,Saturday,6,13
2025-03-30,2025,3,30,Sunday,7,13
2025-03-31,2025,3,31,Monday,1,14
2025-04-01,2025,4,1,Tuesday,2,14
2025-04-02,2025,4,2,Wednesday,3,14
2025-04-03,2025,4,3,Thursday,4,14
2025-04-04,2025,4,4,Friday,5,14
2025-04-05,2025,4,5,Saturday,6,14
2025-04-06,2025,4,6,Sunday,7,14
2025-04-07,2025,4,7,Monday,1,15
2025-04-08,2025,4,8,Tuesday,2,15
2025-04-09,2025,4,9,Wednesday,3,15
2025-04-10,2025,4,10,Thursday,4,15
2025-04-11,2025,4,11,Friday,5,15
2025-04-12,2025,4,12,Saturday,6,15
2025-04-13,2025,4,13,Sunday,7,15
2025-04-14,2025,4,14,Monday,1,16
2025-04-15,2025,4,15,Tuesday,2,16
2025-04-16,2025,4,16,Wednesday,3,16
2025-04-17,2025,4,17,Thursday,4,16
2025-04-18,2025,4,18,Friday,5,16
2025-04-19,2025,4,19,Saturday,6,16
2025-04-20,2025,4,20,Sunday,7,16
2025-04-21,2025,4,21,Monday,1,17
2025-04-22,2025,4,22,Tuesday,2,17
2025-04-23,2025,4,23,Wednesday,3,17
2025-04-24,2025,4,24,Thursday,4,17
2025-04-25,2025,4,25,Friday,5,17
2025-04-26,2025,4,26,Saturday,6,17
2025-04-27,2025,4,27,Sunday,7,17
2025-04-28,2025,4,28,Monday,1,18
2025-04-29,2025,4,29,Tuesday,2,18
2025-04-30,2025,4,30,Wednesday,3,18
2025-05-01,2025,5,1,Thursday,4,18
2025-05-02,2025,5,2,Friday,5,18
2025-05-03,2025,5,3,Saturday,6,18
2025-05-04,2025,5,4,Sunday,7,18
2025-05-05,2025,5,5,Monday,1,19
2025-05-06,2025,5,6,Tuesday,2,19
2025-05-07,2025,5,7,Wednesday,3,19
2025-05-08,2025,5,8,Thursday,4,19
2025-05-09,2025,5,9,Friday,5,19
2025-05-10,2025,5,10,Saturday,6,19
2025-05-11,2025,5,11,Sunday,7,19
2025-05-12,2025,5,12,Monday,1,20
2025-05-13,2025,5,13,Tuesday,2,20
2025-05-14,2025,5,14,Wednesday,3,20
2025-05-15,2025,5,15,Thursday,4,20
2025-05-16,2025,5,16,Friday,5,20
2025-05-17,2025,5,17,Saturday,6,20
2025-05-18,2025,5,18,Sunday,7,20
2025-05-19,2025,5,19,Monday,1,21
2025-05-20,2025,5,20,Tuesday,2,21
2025-05-21,2025,5,21,Wednesday,3,21
2025-05-22,2025,5,22,Thursday,4,21
2025-05-23,2025,5,23,Friday,5,21
2025-05-24,2025,5,24,Saturday,6,21
2025-05-25,2025,5,25,Sunday,7,21
2025-05-26,2025,5,26,Monday,1,22
2025-05-27,2025,5,27,Tuesday,2,22
2025-05-28,2025,5,28,Wednesday,3,22
2025-05-29,2025,5,29,Thursday,4,22
2025-05-30,2025,5,30,Friday,5,22
2025-05-31,2025,5,31,Saturday,6,22
2025-06-01,2025,6,1,Sunday,7,22
2025-06-02,2025,6,2,Monday,1,23
2025-06-03,2025,6,3,Tuesday,2,23
2025-06-04,2025,6,4,Wednesday,3,23
2025-06-05,2025,6,5,Thursday,4,23
2025-06-06,2025,6,6,Friday,5,23
2025-06-07,2025,6,7,Saturday,6,23
2025-06-08,2025,6,8,Sunday,7,23
2025-06-09,2025,6,9,Monday,1,24
2025-06-10,2025,6,10,Tuesday,2,24
2025-06-11,2025,6,11,Wednesday,3,24
2025-06-12,2025,6,12,Thursday,4,24
2025-06-13,2025,6,13,Friday,5,24
2025-06-14,2025,6,14,Saturday,6,24
2025-06-15,2025,6,15,Sunday,7,24
2025-06-16,2025,6,16,Monday,1,25
2025-06-17,2025,6,17,Tuesday,2,25
2025-06-18,2025,6,18,Wednesday,3,25
2025-06-19,2025,6,19,Thursday,4,25
2025-06-20,2025,6,20,Friday,5,25
2025-06-21,2025,6,21,Saturday,6,25
2025-06-22,2025,6,22,Sunday,7,25
2025-06-23,2025,6,23,Monday,1,26
2025-06-24,2025,6,24,Tuesday,2,26
2025-06-25,2025,6,25,Wednesday,3,26
2025-06-26,2025,6,26,Thursday,4,26
2025-06-27,2025,6,27,Friday,5,26
2025-06-28,2025,6,28,Saturday,6,26
2025-06-29,2025,6,29,Sunday,7,26
2025-06-30,2025,6,30,Monday,1,27
2025-07-01,2025,7,1,Tuesday,2,27
2025-07-02,2025,7,2,Wednesday,3,27
2025-07-03,2025,7,3,Thursday,4,27
2025-07-04,2025,7,4,Friday,5,27
2025-07-05,2025,7,5,Saturday,6,27
2025-07-06,2025,7,6,Sunday,7,27
2025-07-07,2025,7,7,Monday,1,28
2025-07-08,2025,7,8,Tuesday,2,28
2025-07-09,2025,7,9,Wednesday,3,28
2025-07-10,2025,7,10,Thursday,4,28
2025-07-11,2025,7,11,Friday,5,28
2025-07-12,2025,7,12,Saturday,6,28
2025-07-13,2025,7,13,Sunday,7,28
2025-07-14,2025,7,14,Monday,1,29
2025-07-15,2025,7,15,Tuesday,2,29
2025-07-16,2025,7,16,Wednesday,3,29
2025-07-17,2025,7,17,Thursday,4,29
2025-07-18,2025,7,18,Friday,5,29
2025-07-19,2025,7,19,Saturday,6,29
2025-07-20,2025,7,20,Sunday,7,29
2025-07-21,2025,7,21,Monday,1,30
2025-07-22,2025,7,22,Tuesday,2,30
2025-07-23,2025,7,23,Wednesday,3,30
2025-07-24,2025,7,24,Thursday,4,30
2025-07-25,2025,7,25,Friday,5,30
2025-07-26,2025,7,26,Saturday,6,30
2025-07-27,2025,7,27,Sunday,7,30
2025-07-28,2025,7,28,Monday,1,31
2025-07-29,2025,7,29,Tuesday,2,31
2025-07-30,2025,7,30,Wednesday,3,31
2025-07-31,2025,7,31,Thursday,4,31
2025-08-01,2025,8,1,Friday,5,31
2025-08-02,2025,8,2,Saturday,6,31
2025-08-03,2025,8,3,Sunday,7,31
2025-08-04,2025,8,4,Monday,1,32
2025-08-05,2025,8,5,Tuesday,2,32
2025-08-06,2025,8,6,Wednesday,3,32
2025-08-07,2025,8,7,Thursday,4,32
2025-08-08,2025,8,8,Friday,5,32
2025-08-09,2025,8,9,Saturday,6,32
2025-08-10,2025,8,10,Sunday,7,32
2025-08-11,2025,8,11,Monday,1,33
2025-08-12,2025,8,12,Tuesday,2,33
2025-08-13,2025,8,13,Wednesday,3,33
2025-08-14,2025,8,14,Thursday,4,33
2025-08-15,2025,8,15,Friday,5,33
2025-08-16,2025,8,16,Saturday,6,33
2025-08-17,2025,8,17,Sunday,7,33
2025-08-18,2025,8,18,Monday,1,34
2025-08-19,2025,8,19,Tuesday,2,34
2025-08-20,2025,8,20,Wednesday,3,34
2025-08-21,2025,8,21,Thursday,4,34
2025-08-22,2025,8,22,Friday,5,34
2025-08-23,2025,8,23,Saturday,6,34
2025-08-24,2025,8,24,Sunday,7,34
2025-08-25,2025,8,25,Monday,1,35
2025-08-26,2025,8,26,Tuesday,2,35
2025-08-27,2025,8,27,Wednesday,3,35
2025-08-28,2025,8,28,Thursday,4,35
2025-08-29,2025,8,29,Friday,5,35
2025-08-30,2025,8,30,Saturday,6,35
2025-08-31,2025,8,31,Sunday,7,35
